<?xml version="1.0" encoding="UTF-8" standalone="yes"?>
<addon id="repository.dedy" name="[COLOR aqua]Dedy[/COLOR] Repo" version="4.0.1" provider-name="Team Dedy">

    <extension point="xbmc.addon.repository" name="balandro repo">
        <dir>
            <info>https://raw.githubusercontent.com/dedytmd/dedbuil/main/addons.xml</info>
            <checksum>https://raw.githubusercontent.com/dedytmd/dedbuil/main/addons.xml.md5</checksum>
            <datadir zip="true">https://raw.githubusercontent.com/dedytmd/dedbuil/main/</datadir>
        </dir>
    </extension>

    <extension point="xbmc.addon.metadata">
       <summary>Repositorio de Balandro</summary>
       <assets>
          <icon>icon.png</icon>
       </assets>
       <news>
       [COLOR darkorange][B]Versión  [/COLOR][COLOR yellow]4.0.1[/COLOR][COLOR red]  Marzo 2024[/B][/COLOR]

       [COLOR goldenrod][B]Media Centers:[/B][/COLOR]
           [COLOR tan][B]Kodi Versiones Oficiales Soportadas:[/B][/COLOR]
           [COLOR plum][B]21.x Omega,  20.x Nexus,  19.x Matrix,[/B][/COLOR]
           [COLOR plum][B]18.x Leia  y  17.x Krypton[/B][/COLOR]

       [COLOR springgreen][B]Fuente[/COLOR]  [COLOR cyan]dedytmd.github.io/dedbuil/[/B][/COLOR]
       </news>
       <summary>Balandro es un Navegador de Páginas Webs</summary>
       <description>[COLOR moccasin][B]Navega con Kodi por Páginas Webs para poder ver sus contenidos de manera fácil. [COLOR yellow]Balandro es desde el año [COLOR cyan]2018[COLOR yellow] un MOD derivado de [COLOR yellowgreen]Pelisalacarta y Alfa[COLOR yellow],[COLOR mediumaquamarine] y tiene como objeto, permitir visualizar [COLOR deepskyblue]Películas[COLOR mediumaquamarine], [COLOR hotpink]Series[COLOR mediumaquamarine], [COLOR darkcyan]Documentales[COLOR mediumaquamarine], etc., todo a través de Internet y directamente desde su sistema Media Center. [COLOR orchid]Este Add-On es tan solo un mero Ejercicio de Aprendizaje del Lenguaje de Programación Python y se distribuye sin Ningún Contenido Multimedia adjunto al mismo [COLOR lightgrey][I]En consecuencia solo las Webs son Plenamente Responsables de los contenidos que publiquen.[/I][/B][/COLOR]</description>
       <disclaimer>[COLOR aqua][B]Los Propietarios y Distribuidores de este Add-On no Proveen ni Distribuyen Ningún Contenido Mostrado por el Add-On, ni Tienen Afiliación alguna con los Proveedores/Webs de contenidos. [COLOR tan]Está Prohibida su distribución, solo ó junto con Contenidos Multimedia Protegidos por los Derechos de Autor. [COLOR chocolate]Si este tipo de contenido está Prohibido en su País, solamente Usted será el Responsable de su uso. [COLOR white]La vulneración de estas prohibiciones Exonerarán de cualquier Culpa a sus Autores, [COLOR red]Siendo el unico Responsable quien lo haya Distribuido ó Utilizado Ilegalmente.[/B][/COLOR]</disclaimer>
       <platform>all</platform>
       <license>GNU GPL v3</license>
       <source>https://dedytmd.github.io/dedbuil/</source>
    </extension>

    <extension point="xbmc.service" library="service.py" start="login|startup" />
</addon>