<?xml version="1.0" encoding="UTF-8" standalone="yes"?>
<addon id="plugin.video.dedy" name="Dedy" version="4.0.09" provider-name="Team Dedy">
  <requires>
     <import addon="script.module.requests"/>
  </requires>

  <extension point="xbmc.python.pluginsource" library="default.py">
    <provides>video</provides>
  </extension>

  <extension point="xbmc.addon.metadata">
    <summary>Balandro es un Navegador de páginas Webs</summary>
    <assets>
      <icon>icon.png</icon>
      <fanart>fanart.jpg</fanart>
      <screenshot>resources/screenshots/1.jpg</screenshot>
      <screenshot>resources/screenshots/2.jpg</screenshot>
      <screenshot>resources/screenshots/3.jpg</screenshot>
      <screenshot>resources/screenshots/4.jpg</screenshot>
    </assets>
    <summary>Balandro es un Navegador de Páginas Webs</summary>
    <description>[COLOR moccasin][B]Navega con Kodi por Páginas Webs para poder ver sus contenidos de manera fácil. [COLOR yellow]Balandro es desde el año [COLOR cyan]2018[COLOR yellow] un MOD derivado de [COLOR yellowgreen]Pelisalacarta y Alfa[COLOR yellow],[COLOR mediumaquamarine] y tiene como objeto, permitir visualizar [COLOR deepskyblue]Películas[COLOR mediumaquamarine], [COLOR hotpink]Series[COLOR mediumaquamarine], [COLOR darkcyan]Documentales[COLOR mediumaquamarine], etc., todo a través de Internet y directamente desde su sistema Media Center. [COLOR orchid]Este Add-On es tan solo un mero Ejercicio de Aprendizaje del Lenguaje de Programación Python y se distribuye sin Ningún Contenido Multimedia adjunto al mismo [COLOR lightgrey][I]En consecuencia solo las Webs son Plenamente Responsables de los contenidos que publiquen.[/I][/B][/COLOR]</description>
    <disclaimer>[COLOR aqua][B]Los Propietarios y Distribuidores de este Add-On no Proveen ni Distribuyen Ningún Contenido Mostrado por el Add-On, ni Tienen Afiliación alguna con los Proveedores/Webs de contenidos. [COLOR tan]Está Prohibida su distribución, solo ó junto con Contenidos Multimedia Protegidos por los Derechos de Autor. [COLOR chocolate]Si este tipo de contenido está Prohibido en su País, solamente Usted será el Responsable de su uso. [COLOR white]La vulneración de estas prohibiciones Exonerarán de cualquier Culpa a sus Autores, [COLOR red]Siendo el unico Responsable quien lo haya Distribuido ó Utilizado Ilegalmente.[/B][/COLOR]</disclaimer>
    <platform>all</platform>
  </extension>

  <extension point="xbmc.service" library="services.py" start="login|startup"/>
</addon>